{
    "dimensions": [
        {
            "min": -29.183854551895916,
            "max": 23.071511397275835
        },
        {
            "min": -15.85982260158383,
            "max": 43.3098921231487
        },
        {
            "min": 0.0,
            "max": 21.976090236350636
        }
    ]
}